x,y,utc
913315.053053,574728.24778,1394681428.0
913315.053053,574728.24778,1394681503.0
913748.533654,575177.315819,1394681645.0
913273.22977,574775.387634,1394681753.0
913289.643648,574694.694304,1394681857.0
911627.319592,579306.459726,1394681897.0
913291.426962,574694.464282,1394682034.0
913289.168946,574689.616735,1394682274.0
914128.70831,575567.858595,1394682276.0
913341.915654,575481.42936,1394682563.0
913749.690992,575566.419814,1394682620.0
913750.783694,575564.197693,1394682629.0
913416.406275,574782.061659,1394682635.0
913862.962476,575812.732458,1394682663.0
913415.318185,574782.172973,1394682723.0
913418.948312,574778.929341,1394682806.0
914125.559868,575570.828526,1394682853.0
913546.413353,574827.220912,1394682910.0
911850.453284,579740.450719,1394683028.0
913184.826465,574761.764783,1394683222.0
913417.363318,574779.308481,1394683340.0
913727.145433,575225.408977,1394683717.0
913765.865671,575571.193117,1394683982.0
913756.042059,575193.699056,1394684201.0
913764.448215,575558.968374,1394684267.0
913764.328514,575569.630186,1394684280.0
913752.233716,575579.957997,1394684296.0
913758.064073,575170.15237,1394684318.0
913761.282289,575575.23654,1394684349.0
913771.072947,575557.319387,1394684425.0
913766.87626,575573.489053,1394684457.0
913489.320093,574940.248418,1394684555.0
913311.732988,574959.302971,1394684779.0
913750.779354,575574.426663,1394684857.0
913768.548478,575575.893913,1394684967.0
913868.71793,575170.974746,1394685056.0
911624.866157,579315.71445,1394685115.0
913495.236578,574926.43908,1394685211.0
913764.806335,575570.491621,1394685225.0
913483.910788,574940.534053,1394685396.0
913499.023405,574944.544237,1394685406.0
912425.230789,581003.878215,1394685470.0
913483.494246,574930.094473,1394685565.0
913709.773682,575209.887159,1394685610.0
913951.358075,575505.452996,1394685776.0
913747.69332,575585.552732,1394686059.0
913752.386431,575170.629417,1394686091.0
913756.346149,575559.745214,1394686122.0
913709.773682,575209.887159,1394686127.0
913709.773682,575209.887159,1394686156.0
913709.773682,575209.887159,1394686332.0
913789.072951,574930.896764,1394686698.0
913893.132409,575582.041091,1394687010.0
913750.403017,575199.973554,1394687171.0
911757.710416,579828.562654,1394687307.0
913750.350264,575182.009465,1394687434.0
911764.622568,579835.595704,1394687651.0
913757.676219,575495.689965,1394687816.0
913408.994167,574827.911064,1394687948.0
913432.670659,574908.814673,1394688225.0
913810.475811,574787.529648,1394688291.0
911638.875984,579303.399647,1394688931.0
913400.151319,574837.746684,1394688954.0
911623.4925,579309.5618,1394688991.0
913758.407156,575495.950029,1394689010.0
913756.634517,575496.469773,1394689018.0
911637.564274,579307.594929,1394689104.0
911614.575846,579315.024466,1394689273.0
911639.252718,579314.188901,1394689537.0
911643.767263,579308.033188,1394689578.0
911643.728061,579307.610064,1394689764.0
911647.860977,579303.636811,1394689841.0
913399.838934,574842.079999,1394690486.0
911542.959762,579161.284031,1394691689.0
911622.83431,579305.792073,1394691991.0
911625.979285,579305.045213,1394692379.0
911620.777523,579307.562192,1394692528.0
911624.225469,579306.681444,1394692641.0
913765.923855,575563.535925,1394692737.0
911620.289796,579316.90547,1394692866.0
913831.853277,575320.230542,1394692894.0
911628.876819,579314.000666,1394692963.0
911621.714087,579300.820173,1394693087.0
911646.359085,579305.240116,1394693154.0
911630.272081,579311.700969,1394693305.0
913757.734157,575496.02208,1394693400.0
911630.653482,579298.748719,1394693588.0
911611.777132,579313.975236,1394693822.0
911616.323306,579307.096684,1394694019.0
911644.249059,579309.066611,1394694183.0
911637.341274,579313.568546,1394694935.0
913757.890088,575500.288511,1394695489.0
914387.97053,574324.255896,1394695696.0
911613.683111,579307.184751,1394695846.0
914659.288005,574703.627322,1394696163.0
911629.039445,579292.837762,1394696418.0
911631.797149,579318.103697,1394697079.0
911632.997435,579303.198411,1394697230.0
911609.845854,579305.361072,1394697585.0
913811.310834,575492.245316,1394698148.0
913262.478046,574687.647383,1394699013.0
911624.991903,579310.650101,1394700745.0
913466.498823,574923.603646,1394702015.0
913466.617124,574923.881457,1394702032.0
914013.200537,575495.998947,1394704013.0
913481.86565,574895.749226,1394704284.0
913482.297264,574896.394032,1394704288.0
913482.297264,574896.394032,1394704316.0
913481.251242,574892.93882,1394704349.0
913380.32595,574788.733954,1394705307.0
913382.580691,574792.038073,1394705407.0
913668.377977,575009.09858,1394706153.0
913347.448444,575642.208003,1394707337.0
914068.504197,574552.921942,1394707339.0
911305.613964,579047.627599,1394708984.0
914570.988854,574790.486948,1394709370.0
913840.332832,575178.554044,1394709467.0
914407.278433,574885.359297,1394709812.0
914421.671766,574881.956955,1394710005.0
914421.851851,574880.977932,1394710212.0
914582.098435,574685.839276,1394710415.0
913758.80206,575505.00604,1394710630.0
913314.742138,574731.300815,1394710785.0
913314.181712,574731.499691,1394710819.0
914438.845015,575244.714381,1394711862.0
913486.69709,574941.230841,1394711876.0
913522.568475,574784.694135,1394711959.0
913292.06842,574694.510945,1394712019.0
914213.994372,575446.199263,1394712038.0
913523.184484,574781.908153,1394712128.0
913509.946581,574781.862081,1394712141.0
913509.946581,574781.862081,1394712166.0
913772.546948,575143.874784,1394712286.0
914442.352068,575241.165645,1394712436.0
914588.251336,574669.85599,1394712759.0
913659.30881,574943.739692,1394713052.0
914088.195572,574579.512911,1394713428.0
914090.218758,574578.10762,1394713918.0
913745.764636,574375.271972,1394714111.0
914567.652679,574700.704938,1394714238.0
914560.793372,574705.554038,1394714519.0
911854.524696,579750.601808,1394714709.0
914310.29897,574881.228332,1394714751.0
914560.793372,574705.554038,1394714796.0
913417.276904,574780.177766,1394714846.0
913311.950646,574693.802253,1394715063.0
913314.281414,574732.699095,1394715142.0
914440.570112,575248.227668,1394715254.0
914068.548814,574549.947276,1394715277.0
914563.297854,574701.483749,1394715321.0
914123.763404,574579.990668,1394715344.0
914331.76802,575298.026711,1394715856.0
913768.261575,575435.515897,1394715918.0
913748.330849,575312.422936,1394715957.0
914485.473417,574667.815693,1394716044.0
914445.166189,574760.915701,1394716253.0
913748.991373,574378.851138,1394716390.0
914068.375625,574550.437746,1394716663.0
914261.878694,575746.267401,1394716723.0
914395.531833,574897.155792,1394716747.0
914188.211448,575813.316648,1394716828.0
914575.986257,574669.974267,1394716994.0
914281.117618,574927.793787,1394717035.0
914291.078109,574835.224601,1394717049.0
914278.391097,574846.281073,1394717058.0
914425.372424,575038.518864,1394717113.0
914579.856638,574690.970498,1394717188.0
913302.137134,575738.885225,1394717203.0
913194.316026,574693.901907,1394717204.0
914298.367498,574344.777838,1394717205.0
913741.951768,575489.616122,1394717262.0
914229.865028,575718.824151,1394717279.0
914422.36854,575251.553801,1394717308.0
913838.229743,575190.261513,1394717393.0
913440.608026,575629.256239,1394717471.0
914387.301242,575233.782251,1394717594.0
914578.410046,574670.31765,1394717661.0
913744.857991,575518.726063,1394717682.0
914385.249719,575244.711282,1394717789.0
913712.153854,575244.208313,1394717794.0
914433.216195,575315.476913,1394717804.0
914622.161156,575034.653931,1394717841.0
914389.615802,575016.845165,1394718131.0
913661.156017,574854.39395,1394718173.0
914574.015801,574676.523994,1394718214.0
913730.080942,574857.284738,1394718453.0
914271.580536,574897.91041,1394718568.0
914388.395369,575030.656155,1394718890.0
914013.533313,574563.89409,1394719041.0
913711.688516,575093.612184,1394719071.0
913377.937042,574802.600751,1394719186.0
914421.973357,574879.130467,1394719237.0
913761.020211,575231.277344,1394719287.0
913477.475121,574815.967181,1394719450.0
913626.679707,574921.72113,1394719589.0
914559.248871,574706.454902,1394719721.0
911611.928603,579292.318186,1394719721.0
914476.974078,574778.874414,1394719912.0
913287.276542,574860.580953,1394719931.0
911638.337623,579308.747618,1394719935.0
911618.781163,579292.25442,1394719958.0
911634.258697,579292.171856,1394720042.0
911634.666372,579295.606964,1394720081.0
914342.877467,574871.531312,1394720095.0
914342.877467,574871.531312,1394720148.0
914388.242737,575247.687338,1394720178.0
914372.634047,575032.944431,1394720191.0
914283.299717,574843.833115,1394720306.0
911634.57415,579309.110422,1394720369.0
914388.294999,575248.752308,1394720436.0
913377.794141,574807.070948,1394720635.0
913769.61948,575139.704311,1394720689.0
911623.762634,579305.996717,1394720859.0
914579.116219,574670.247958,1394721425.0
914281.145298,574814.36021,1394721514.0
914478.102681,574781.08295,1394721525.0
914568.694209,574687.885218,1394721698.0
911956.778918,580087.604222,1394721759.0
913501.555573,575788.304681,1394721822.0
911625.474143,579302.114077,1394721913.0
913495.213516,574804.88847,1394722116.0
914225.062487,574884.017562,1394722221.0
914643.333795,575018.915408,1394722256.0
914189.021103,575702.494945,1394722271.0
914638.634599,575020.579599,1394722274.0
914635.257452,574658.380596,1394722311.0
911609.306308,579297.266513,1394722396.0
911628.958697,579310.426408,1394722411.0
914543.01173,574943.170976,1394722430.0
913750.213767,575591.80667,1394722546.0
914405.928703,575219.471696,1394722800.0
913325.386513,575650.494507,1394722823.0
913531.951536,574911.050768,1394722918.0
913727.618249,574870.322937,1394722919.0
913374.775517,574798.622116,1394722922.0
913483.888466,574940.206446,1394722954.0
913375.993488,574801.336985,1394723002.0
913485.389819,574940.550038,1394723033.0
911641.371023,579303.399084,1394723103.0
913838.750915,575250.847927,1394723144.0
911640.801526,579304.226559,1394723166.0
913463.37652,575818.662001,1394723204.0
913838.750915,575250.847927,1394723228.0
913377.487103,574803.657045,1394723247.0
914004.453122,574582.080949,1394723271.0
911627.201986,579309.012358,1394723400.0
913375.858116,574800.636084,1394723432.0
913046.178171,573770.781811,1394723469.0
911645.016297,579299.970279,1394723534.0
914135.159027,575506.891072,1394723563.0
913377.143858,574805.317584,1394723606.0
911645.016297,579299.970279,1394723626.0
914232.506052,574800.506585,1394723631.0
911642.534506,579309.993352,1394723723.0
913772.008442,575543.221285,1394723733.0
914397.224546,574887.978286,1394723780.0
913374.807101,574800.896262,1394723839.0
913377.009423,574801.237751,1394723849.0
911646.468789,579307.772004,1394723854.0
914305.444089,574890.209945,1394723872.0
913485.746393,574940.924883,1394723881.0
913484.117476,574940.736517,1394723892.0
911641.201748,579304.816805,1394723925.0
913293.502688,575707.962006,1394723932.0
913375.623553,574801.784924,1394723942.0
913377.261353,574801.29372,1394723955.0
913376.46525,574802.317195,1394724008.0
913385.469887,575900.369852,1394724138.0
911643.012148,579308.244101,1394724145.0
913377.691681,574804.570155,1394724147.0
913790.579531,574902.095865,1394724151.0
913376.091316,574805.007016,1394724161.0
913376.091316,574805.007016,1394724175.0
911622.308509,579310.158468,1394724179.0
914277.201336,574843.632733,1394724197.0
913790.636633,574907.036122,1394724226.0
914558.540948,575071.896078,1394724234.0
913394.41696,575893.225993,1394724276.0
914434.602304,575263.236514,1394724280.0
913378.520482,574805.195676,1394724285.0
914435.496619,575262.376568,1394724329.0
913378.940812,574806.465608,1394724391.0
913376.881351,574803.579347,1394724400.0
914232.403327,574800.530819,1394724470.0
914289.534026,574837.717829,1394724522.0
913380.358011,574805.956244,1394724591.0
913387.734107,575887.72647,1394724663.0
913375.037662,574802.942022,1394724675.0
913392.628922,575901.956073,1394724746.0
913393.929644,575892.443403,1394724770.0
911641.950882,579314.997027,1394724843.0
913376.717814,574802.969448,1394724880.0
913991.516236,574567.419565,1394724886.0
913434.387975,574805.21007,1394725018.0
914368.253931,575024.007337,1394725202.0
911618.939556,579300.579351,1394725215.0
913165.933946,574716.047705,1394725398.0
911621.176448,579296.422146,1394725475.0
911645.255215,579306.122279,1394725535.0
913771.358887,575142.078202,1394725543.0
911624.267446,579300.401074,1394725649.0
911644.676406,579308.02905,1394725698.0
911644.825985,579307.824969,1394725729.0
911644.825985,579307.824969,1394725750.0
911644.347388,579314.004723,1394725845.0
913772.512855,575143.956891,1394725968.0
913189.004279,574761.168076,1394726221.0
914552.017087,575074.599442,1394726316.0
914445.136398,574873.719681,1394726356.0
914484.8173,575000.841131,1394726362.0
911635.797384,579317.642433,1394726433.0
914478.823851,574661.620165,1394726490.0
914595.567649,575045.782696,1394726661.0
911637.254363,579303.46375,1394726736.0
914284.904168,575400.172625,1394726867.0
914419.319511,575041.234354,1394726880.0
911639.536807,579310.380663,1394726982.0
914595.043197,575047.11193,1394727045.0
911650.007864,579303.919972,1394727061.0
914586.455845,575045.330797,1394727077.0
914336.745619,574690.026462,1394727082.0
913665.202629,575779.47156,1394727084.0
914442.79845,574873.337642,1394727181.0
913472.672876,574920.860956,1394727281.0
914333.849464,575371.694427,1394727292.0
913268.765339,574772.991272,1394727376.0
913353.96418,575684.023832,1394727382.0
913355.847265,575682.906797,1394727444.0
914586.455845,575045.330797,1394727479.0
913351.047048,575684.995785,1394727495.0
914263.060999,574778.719827,1394727542.0
913870.867231,575285.660474,1394727560.0
913348.622641,575672.765997,1394727602.0
911652.117579,579315.009512,1394727631.0
913366.037337,575678.291274,1394727669.0
914442.07091,574859.840484,1394727744.0
913354.972043,575682.196804,1394727784.0
913480.547606,574897.279202,1394727983.0
911646.896827,579313.37798,1394728051.0
911640.155679,579306.705083,1394728154.0
914206.80305,574762.961989,1394728242.0
914643.500259,575031.439897,1394728277.0
914475.60672,574881.868795,1394728368.0
914409.534679,574888.513828,1394728453.0
914194.881285,574746.774265,1394728460.0
914480.025196,575083.573076,1394728483.0
914475.718874,574883.553483,1394728548.0
913751.715132,575375.602939,1394728751.0
913978.581358,575477.36292,1394728926.0
914232.829644,575358.182736,1394729004.0
913978.16561,575477.351041,1394729005.0
913978.266085,575478.072986,1394729018.0
914455.102034,574926.136269,1394729128.0
913797.345809,574969.099612,1394729231.0
914281.118983,574846.441723,1394729361.0
913376.330386,574804.18575,1394729461.0
914452.172977,574618.287739,1394729559.0
914587.317148,574671.101147,1394729697.0
914436.476179,574875.726143,1394729780.0
914286.111201,574825.059453,1394729893.0
913377.697596,574803.632992,1394730110.0
913763.250129,574863.363897,1394730240.0
913689.170117,574947.864867,1394730305.0
913298.641688,575676.070528,1394730424.0
913438.004057,574771.450534,1394730478.0
913582.106074,575643.322411,1394730591.0
913375.625291,574941.131799,1394730607.0
914241.666221,575960.594603,1394730750.0
913977.054159,575454.089483,1394730787.0
913977.415382,575451.489607,1394730859.0
913972.25249,575453.143356,1394730878.0
913978.369501,575454.010876,1394730912.0
912278.155431,579507.257999,1394730940.0
913978.369501,575454.010876,1394731025.0
914001.043167,574575.843042,1394731095.0
911529.796461,579155.821669,1394731162.0
914001.954299,574576.900729,1394731223.0
913976.19105,575454.63641,1394731230.0
913061.713454,573758.727769,1394731235.0
914233.211439,575360.438678,1394731299.0
913976.466438,575450.288609,1394731309.0
913441.082034,574930.418061,1394731359.0
914242.795883,575310.225855,1394731370.0
914591.635824,574776.1186,1394731500.0
914163.034975,574726.267213,1394731518.0
913975.233667,575452.955704,1394731802.0
912093.321922,577552.571165,1394731883.0
913974.288828,575453.649052,1394731884.0
913973.177952,575451.920313,1394731914.0
913029.158987,573796.757641,1394732084.0
913971.716339,575448.531989,1394732113.0
913755.97626,575296.148554,1394732130.0
912093.076264,577552.359793,1394732190.0
913689.073181,574947.044107,1394732458.0
914327.333417,574973.545899,1394732591.0
914564.678753,575152.601643,1394732630.0
914317.196385,574974.901205,1394732956.0
914326.205374,574971.924786,1394733025.0
914260.639839,574783.697569,1394733040.0
914517.35755,574895.9283,1394733305.0
914253.018045,574758.575913,1394733331.0
914260.645135,574784.03625,1394733447.0
914325.122499,574972.866554,1394733455.0
914255.229162,574777.486829,1394733474.0
914045.80764,574583.911615,1394733571.0
914044.683221,574583.916171,1394733602.0
913441.236664,574766.060917,1394733616.0
913436.330928,575699.224678,1394733672.0
914321.343444,574974.843612,1394733689.0
913961.268909,575454.73852,1394733710.0
913963.080645,575453.741426,1394733731.0
914043.256862,574587.00373,1394733734.0
913960.194529,575455.281724,1394733755.0
913961.934232,575452.86874,1394733803.0
913961.934232,575452.86874,1394733819.0
913839.514413,575172.347638,1394733889.0
913963.884928,575454.71008,1394733939.0
913439.340629,574765.745497,1394734049.0
913963.884928,575454.71008,1394734202.0
913962.295568,575453.394631,1394734288.0
913962.68701,575452.790193,1394734336.0
914574.091267,574671.315273,1394734488.0
913573.880968,574867.637913,1394734674.0
913758.890851,575494.538492,1394735172.0
913023.137827,573798.990179,1394735326.0
914291.968171,574689.255864,1394735356.0
913023.137827,573798.990179,1394735415.0
913023.137827,573798.990179,1394735528.0
913280.02762,574751.066468,1394735668.0
914509.682319,574850.250615,1394735703.0
913960.212733,575456.897385,1394735782.0
914484.430102,574673.724315,1394735833.0
913960.212733,575456.897385,1394736036.0
913741.935426,575361.984867,1394736103.0
913961.486929,575456.586626,1394736131.0
913962.338708,575454.377412,1394736145.0
913023.137827,573798.990179,1394736239.0
914619.232819,575040.286815,1394736357.0
914512.235645,574848.526669,1394736499.0
913757.78976,575499.475516,1394736598.0
914638.418622,574884.336853,1394736605.0
913841.806354,575224.728159,1394736701.0
914057.871733,574553.009709,1394736807.0
914549.851567,574831.485034,1394736865.0
914240.700083,575311.976301,1394737201.0
914469.560316,574678.864498,1394737240.0
914183.761147,574758.079259,1394737270.0
913956.594216,575456.232182,1394737361.0
914242.348192,575312.73006,1394737381.0
913958.536533,575457.105239,1394737383.0
913268.9544,574692.531255,1394737539.0
914592.865489,574767.36885,1394737690.0
913425.530945,575719.381241,1394738063.0
913426.290698,575714.442445,1394738110.0
914493.124916,575074.060081,1394738360.0
914480.245404,575078.516755,1394738384.0
913754.094895,574848.509988,1394738589.0
914280.563051,575381.958284,1394738669.0
913748.032784,575177.903411,1394738707.0
914276.824808,574847.516182,1394738793.0
916039.729001,581280.385586,1394738810.0
913877.099431,574988.749803,1394739280.0
914357.093477,574913.31164,1394739346.0
913753.142678,575240.367029,1394739430.0
913753.635825,575367.011992,1394739450.0
913278.79109,575609.625832,1394739487.0
913403.207458,575607.343321,1394739502.0
914355.968648,574913.112946,1394739526.0
913272.362626,575595.878838,1394739552.0
914329.668449,574903.515446,1394739568.0
914053.765846,574533.240305,1394739593.0
914271.819916,574847.938597,1394739614.0
913266.561855,575599.008772,1394739666.0
914466.459935,575068.753074,1394739694.0
911602.850241,580032.969463,1394739707.0
914470.182488,575065.709998,1394739723.0
913376.500162,574802.725883,1394739750.0
913377.004201,574803.213135,1394739777.0
913756.087978,575299.080206,1394739801.0
913272.665351,575596.464553,1394739822.0
914172.288364,574724.311524,1394739874.0
913272.236269,575595.839751,1394739959.0
913745.02504,575318.869389,1394739996.0
913757.111557,575295.706479,1394740015.0
913374.274211,574794.699305,1394740017.0
913753.56065,575297.912984,1394740062.0
913760.516064,575153.675258,1394740133.0
913450.10492,574847.154569,1394740215.0
912044.463298,577306.525699,1394740312.0
914463.977134,575067.833316,1394740326.0
914363.116901,574639.867053,1394740344.0
912051.831411,577318.275576,1394740455.0
913981.13697,575451.485443,1394740496.0
914369.373549,574913.129742,1394740528.0
914319.134692,575051.225784,1394740725.0
913977.33814,575452.869686,1394740728.0
914328.28174,575032.796244,1394740919.0
913977.33814,575452.869686,1394741002.0
914435.75853,575269.575776,1394741593.0
914453.408914,574618.53885,1394741830.0
913081.442276,574833.468465,1394741896.0
913973.924149,575450.364928,1394742049.0
915299.865327,579751.246357,1394742136.0
914258.641507,575002.28636,1394742224.0
914257.28896,575014.746877,1394742288.0
913758.192453,575499.665023,1394742301.0
913757.50878,575498.155849,1394742367.0
913678.767801,575067.690921,1394742406.0
914574.551995,574673.093913,1394742518.0
914347.390565,575034.972522,1394742526.0
914623.312647,574681.805524,1394742545.0
913436.120776,574795.745943,1394742816.0
913982.369295,575445.874685,1394743001.0
914183.783919,575697.290593,1394743008.0
913626.423846,574851.92785,1394743208.0
913461.253107,574845.52897,1394743743.0
913770.482977,575176.83866,1394743854.0
911756.656817,579563.119163,1394743898.0
914116.398465,575471.330784,1394744091.0
913742.275188,574947.021511,1394744142.0
914336.519102,573124.535206,1394744320.0
913023.137827,573798.990179,1394744363.0
911131.00591,577581.149077,1394744450.0
913023.137827,573798.990179,1394744460.0
913024.112787,573799.591484,1394744551.0
913274.270021,575596.851592,1394744593.0
913293.242348,574850.845587,1394744775.0
914301.384317,575285.757651,1394744853.0
913024.281524,573800.169182,1394744898.0
913269.655954,575595.860722,1394744905.0
913024.416313,573800.746821,1394745207.0
914086.518563,574407.029826,1394745516.0
914087.078075,574408.69647,1394745589.0
914313.793778,575053.491898,1394745829.0
913024.416313,573800.746821,1394746002.0
913024.416313,573800.746821,1394746011.0
913683.651759,575609.898709,1394746116.0
913756.545348,575435.940767,1394746157.0
912152.664181,577489.587627,1394747378.0
913376.836862,574804.734079,1394747609.0
913374.420927,574806.16662,1394747686.0
913023.576141,573800.723154,1394747694.0
912410.157492,574434.055421,1394747953.0
913789.375984,574924.38707,1394747968.0
913375.881086,574805.359747,1394748116.0
914223.069015,575563.478863,1394748272.0
913376.232334,574803.970158,1394748352.0
913816.601031,575197.737893,1394748353.0
913155.419472,574314.783642,1394748626.0
914176.893231,574820.150728,1394748837.0
913807.412361,575171.833183,1394748854.0
913295.981458,575716.85402,1394748971.0
913819.9082,574790.573966,1394749140.0
914599.747252,574668.163913,1394749152.0
913280.484158,575599.387642,1394749298.0
914282.555482,574839.838713,1394749318.0
913812.594807,575198.337898,1394749343.0
913806.100389,575189.408341,1394749409.0
914312.330031,575020.590277,1394749436.0
912081.547911,577547.288874,1394749488.0
914277.683396,575036.988064,1394749559.0
913738.512996,575166.311188,1394749570.0
914252.551134,575034.09763,1394749612.0
913278.725225,575596.51415,1394749653.0
914305.644604,574999.481096,1394749676.0
911708.470773,579851.605182,1394749690.0
913766.814425,575552.17931,1394749754.0
914286.170838,575029.344718,1394749762.0
914292.497511,575039.242636,1394749782.0
914305.616326,575020.082227,1394749811.0
914266.906473,575029.069299,1394749871.0
913757.641726,575559.328972,1394749900.0
913374.563138,575652.024496,1394749906.0
913427.918153,574907.192755,1394749925.0
913520.590604,574752.119337,1394750081.0
912085.615017,577560.664644,1394750257.0
914587.922001,575137.861901,1394750392.0
914196.463425,575006.515567,1394750492.0
914287.004716,575021.909982,1394750782.0
915286.716282,579758.491539,1394750976.0
913989.436205,575507.904653,1394751058.0
914280.011884,574847.174697,1394751212.0
914278.808686,574845.344693,1394751342.0
913277.49002,575598.314136,1394751384.0
914291.941272,575022.554538,1394751470.0
914283.524798,575039.707448,1394751659.0
913813.086297,575501.247244,1394751686.0
913768.466087,574900.935944,1394751715.0
914266.906473,575029.069299,1394751723.0
914266.906473,575029.069299,1394751941.0
913614.039802,574898.579727,1394752030.0
911630.564319,579308.10372,1394752033.0
913468.403174,574903.205766,1394752331.0
914304.023087,575011.442524,1394752335.0
913465.514986,574901.587173,1394752346.0
914274.786131,575035.797754,1394752385.0
914288.593135,575021.512156,1394752424.0
914266.906473,575029.069299,1394752468.0
914296.316242,575038.242787,1394752684.0
913688.965318,574947.096099,1394752953.0
913546.317888,574909.177934,1394753146.0
914180.372032,574914.582059,1394753148.0
914277.990469,575042.390728,1394753246.0
914287.639551,575029.421913,1394753467.0
914575.797259,574669.850646,1394753523.0
914266.906473,575029.069299,1394753717.0
914290.094457,575023.624771,1394754011.0
913824.096381,574931.649705,1394754118.0
914396.736849,574908.184341,1394754197.0
914283.394964,575031.24709,1394754294.0
914272.8965,575046.881465,1394754304.0
913023.590917,573801.989028,1394754522.0
913583.813087,574893.674693,1394754726.0
913024.234172,573803.000603,1394754851.0
913875.631259,575183.227439,1394754932.0
913996.528941,575452.428023,1394755035.0
911728.928852,579528.629868,1394755079.0
913581.099621,574891.645526,1394755183.0
913275.164847,575597.041944,1394755247.0
913828.975914,575279.754608,1394755258.0
911621.048367,579298.075336,1394755382.0
913492.324502,574906.980816,1394755405.0
913559.411339,574919.060806,1394755552.0
913024.234172,573803.000603,1394755678.0
914283.989562,575026.921008,1394755690.0
914284.928366,575026.320962,1394755816.0
913024.234172,573803.000603,1394755850.0
914257.393636,575031.097663,1394755897.0
911622.513571,579299.343469,1394755964.0
911622.65724,579303.492155,1394756152.0
914266.906473,575029.069299,1394756181.0
911647.621811,579304.732406,1394756278.0
915491.579404,574742.213642,1394756293.0
913024.234172,573803.000603,1394756297.0
911643.770724,579291.629221,1394756297.0
914320.270829,575006.400139,1394756327.0
911636.369775,579301.855624,1394756377.0
911644.278181,579299.066374,1394756440.0
913024.234172,573803.000603,1394756479.0
914302.778757,575035.19264,1394756564.0
911644.991781,579302.101103,1394756587.0
914296.927606,575029.13315,1394756691.0
911628.705128,579304.962835,1394756703.0
914288.63595,575018.637421,1394756763.0
914290.473794,575027.17099,1394756796.0
914266.906473,575029.069299,1394756802.0
911634.427885,579295.175757,1394756809.0
913341.165199,574932.81905,1394756858.0
914295.375324,575021.260811,1394756897.0
911618.50076,579302.984912,1394756979.0
911644.274961,579310.406907,1394757019.0
914284.042515,575030.749756,1394757173.0
911629.156333,579312.04235,1394757262.0
914281.705328,575030.880772,1394757368.0
911625.171905,579295.767659,1394757465.0
914164.573718,575809.345574,1394757610.0
913583.255678,575735.149895,1394757656.0
914429.268811,575037.742422,1394757741.0
914287.353591,575019.177961,1394757832.0
913312.062953,574692.682063,1394758307.0
913743.294537,574869.594366,1394758507.0
914266.906473,575029.069299,1394758565.0
914291.071406,575021.26593,1394758628.0
914436.302383,575032.089609,1394758707.0
914446.64441,575049.387301,1394758729.0
914437.063386,575034.814877,1394758858.0
914433.512678,575037.630668,1394758861.0
914432.295502,575038.688754,1394758880.0
914296.444472,575010.601933,1394758975.0
914435.47176,575032.909703,1394759009.0
913810.398335,574785.364233,1394759106.0
913793.91578,574777.287965,1394759173.0
914288.191656,575026.912359,1394759203.0
914283.258122,575025.128545,1394759235.0
913500.219555,574912.212777,1394759358.0
914393.810705,574634.25512,1394759798.0
914391.840346,574664.707275,1394759887.0
912082.710905,577546.757758,1394760127.0
914287.278657,575022.876549,1394760148.0
914287.54495,575019.395964,1394760149.0
913491.870611,574923.431622,1394760240.0
913626.492579,574851.461608,1394760289.0
914428.649132,575038.30309,1394760603.0
911540.607088,579931.515619,1394760628.0
913423.680032,574908.329984,1394760654.0
914435.163352,575034.870069,1394760697.0
911685.028393,580170.948359,1394761141.0
913581.266016,574879.893399,1394761219.0
914241.373116,574987.599638,1394761276.0
913400.805918,575602.764193,1394761368.0
914479.518173,574668.565922,1394761409.0
913307.922932,574721.204099,1394761685.0
913270.145103,575571.661601,1394761719.0
913378.763958,574805.233864,1394761819.0
913272.159497,574703.592023,1394761868.0
913376.242102,574801.824892,1394762428.0
913863.419273,575813.477269,1394762558.0
913837.216463,575319.966171,1394762599.0
913580.543205,574884.011658,1394762651.0
913374.801225,574803.714435,1394762723.0
913425.172907,574783.086701,1394762736.0
911494.061509,579512.506758,1394762838.0
913375.835579,574803.279895,1394762847.0
913376.62662,574802.715004,1394762867.0
911664.483904,580127.218597,1394762922.0
911866.421567,579889.204537,1394763033.0
913375.808836,574803.048885,1394763066.0
913376.642501,574802.375252,1394763086.0
913177.212237,574761.663676,1394763127.0
913375.368532,574806.315993,1394763174.0
914279.699101,575032.337121,1394763177.0
913375.352618,574804.771405,1394763179.0
913375.352618,574804.771405,1394763185.0
914217.666635,574954.981169,1394763662.0
914282.103835,575063.56383,1394763764.0
914228.38486,575122.683574,1394764062.0
914280.181733,575019.521845,1394764111.0
913308.20729,575680.032745,1394764340.0
914126.956912,575571.509611,1394764350.0
913837.216463,575319.966171,1394764366.0
914250.392127,575044.953203,1394764549.0
914303.602391,575059.377536,1394764588.0
913372.283304,574812.847388,1394764603.0
914300.087999,575057.422086,1394764676.0
913373.01985,574803.822297,1394764729.0
913761.682788,574998.365177,1394764737.0
911450.455714,579528.463046,1394764967.0
913414.135503,574902.031393,1394764979.0
913266.284283,574696.128653,1394765054.0
913837.216463,575319.966171,1394765184.0
913817.297302,574935.046088,1394765186.0
913817.304093,574935.04499,1394765290.0
913804.865465,575194.17633,1394765673.0
913758.652492,574857.369315,1394765674.0
913778.306345,574840.349728,1394765730.0
913375.832373,574804.60126,1394765903.0
913375.914304,574804.339353,1394765910.0
913376.067396,574805.096915,1394765926.0
913376.067396,574805.096915,1394765932.0
913376.067396,574805.096915,1394765939.0
913375.761268,574804.502308,1394765956.0
913376.306685,574803.200787,1394765984.0
913283.620686,575608.21086,1394766367.0
913771.117959,574844.069672,1394766490.0
913555.999534,575709.091718,1394766530.0
913757.171594,575508.968275,1394766549.0
913256.656444,575650.381521,1394766633.0
912207.756878,580770.674935,1394766832.0
911483.023797,579515.476803,1394766850.0
913838.888092,575267.091061,1394766993.0
914304.572771,575287.264991,1394766994.0
911601.665697,579287.603054,1394767516.0
913837.216463,575319.966171,1394767860.0
913839.922897,575264.553494,1394768072.0
912220.044042,580780.997328,1394768118.0
912221.862008,580786.677798,1394768736.0
912223.606861,580786.245369,1394768819.0
913548.566485,574913.943374,1394768849.0
913488.385898,574940.203432,1394768881.0
912220.854218,580782.295604,1394768885.0
912228.152362,577501.258621,1394768908.0
911466.161311,579528.653644,1394768960.0
913487.751033,574940.277797,1394768973.0
913491.877238,574938.139936,1394769005.0
913801.80912,575189.510369,1394769055.0
913549.301782,574903.373735,1394769057.0
913803.700189,575189.691514,1394769075.0
912220.606716,580781.203672,1394769110.0
913533.099117,574905.708504,1394769150.0
913801.828431,575186.395743,1394769186.0
913803.974224,575190.176152,1394769240.0
911959.116155,577520.875893,1394769453.0
913025.135141,573802.224892,1394769454.0
913493.150815,574939.625717,1394769478.0
913025.135141,573802.224892,1394769482.0
913025.135141,573802.224892,1394769619.0
913025.135141,573802.224892,1394769978.0
913025.135141,573802.224892,1394770117.0
913025.135141,573802.224892,1394770263.0
913025.135141,573802.224892,1394770290.0
913275.720328,575608.221292,1394770308.0
913026.07839,573801.538086,1394770340.0
913026.07839,573801.538086,1394770356.0
913026.07839,573801.538086,1394770387.0
913026.07839,573801.538086,1394770462.0
913026.07839,573801.538086,1394770525.0
911310.834887,579049.878495,1394770540.0
913026.07839,573801.538086,1394770562.0
913026.07839,573801.538086,1394770583.0
911310.834887,579049.878495,1394770611.0
914368.074993,574109.868194,1394770619.0
913026.07839,573801.538086,1394770798.0
911310.834887,579049.878495,1394770847.0
913264.886933,574696.923444,1394770881.0
913628.522507,574855.129604,1394770913.0
915312.944883,579707.092294,1394770957.0
913265.894485,574696.293412,1394770983.0
911310.834887,579049.878495,1394771064.0
913265.743213,574697.378,1394771122.0
911310.834887,579049.878495,1394771256.0
913741.894275,575497.835174,1394771283.0
913753.1732,575175.163498,1394771363.0
913999.775408,575464.210956,1394771391.0
